table,line,geoname,geoid,tot_est,tot_moe,adu_est,adu_moe,cit_est,cit_moe,cvap_est,cvap_moe,dvap_est,dvap_moe,p_adu_dvap_est,p_adu_dvap_moe,name,state,geotype,has_charter
Place,25130,"Adelanto city, California",16000US0600296,33660,33,21995,653,29610,532,18090,794,3905,1029,0.17754035007956354,0.05364698006756419,Adelanto,California,city,False
Place,25156,"Agoura Hills city, California",16000US0600394,20535,54,16140,393,19320,468,15050,497,1090,634,0.06753407682775713,0.041947094188944475,Agoura Hills,California,city,False
Place,25221,"Alameda city, California",16000US0600562,78520,53,62565,524,72155,810,56575,831,5990,983,0.09574042995284904,0.016652987303481456,Alameda,California,city,False
Place,25247,"Albany city, California",16000US0600674,19805,30,14665,241,16290,629,11605,538,3060,590,0.20866007500852368,0.044390396427971046,Albany,California,city,False
Place,25286,"Alhambra city, California",16000US0600884,84645,120,70315,496,69830,975,56645,928,13670,1053,0.19441086539145275,0.01646296551417467,Alhambra,California,city,False
Place,25312,"Aliso Viejo city, California",16000US0600947,50665,77,38200,411,46630,536,34570,588,3630,718,0.09502617801047121,0.020033760066747022,Aliso Viejo,California,city,False
Place,25481,"Alturas city, California",16000US0601444,2565,25,2015,104,2465,112,1915,144,100,178,0.04962779156327544,0.09584578248172718,Alturas,California,city,False
Place,25507,"Amador City city, California",16000US0601514,165,80,130,56,165,79,125,57,5,80,0.038461538461538464,0.9615384615384616,Amador City,California,city,False
Place,25520,"American Canyon city, California",16000US0601640,20260,37,15065,271,17835,321,12770,390,2295,475,0.1523398606040491,0.034898208883581,American Canyon,California,city,False
Place,25546,"Anaheim city, California",16000US0602000,349965,90,265820,1596,279720,2642,199685,3028,66135,3423,0.2487961778647205,0.014457727912196044,Anaheim,California,city,False
Place,25572,"Anderson city, California",16000US0602042,10405,119,7705,257,10280,164,7575,269,130,373,0.016872160934458143,0.05066274776586409,Anderson,California,city,False
Place,25585,"Angels city, California",16000US0602112,3875,22,3290,248,3800,106,3215,276,75,372,0.022796352583586626,0.124146448205368,Angels,California,city,False
Place,25624,"Antioch city, California",16000US0602252,111200,57,83570,919,99960,1558,73450,1566,10120,1816,0.12109608711260021,0.023318378532098574,Antioch,California,city,False
Place,25650,"Apple Valley town, California",16000US0602364,72725,48,52335,799,69535,667,49265,992,3070,1274,0.058660552211713006,0.025630040771832473,Apple Valley,California,town,False
Place,25702,"Arcadia city, California",16000US0602462,58150,46,45250,695,48300,939,36840,1085,8410,1289,0.18585635359116023,0.03182965246876571,Arcadia,California,city,False
Place,25715,"Arcata city, California",16000US0602476,18180,33,16360,340,17700,172,15885,378,475,509,0.029034229828850854,0.03238899114493192,Arcata,California,city,False
Place,25780,"Arroyo Grande city, California",16000US0602868,18035,30,14565,266,17515,178,14075,305,490,405,0.03364229316855476,0.0289494964670841,Arroyo Grande,California,city,False
Place,25793,"Artesia city, California",16000US0602896,16760,36,13380,385,13320,641,10180,504,3200,635,0.23916292974588937,0.05595057544841614,Artesia,California,city,False
Place,25819,"Arvin city, California",16000US0602924,21250,67,13455,421,14815,579,7295,551,6160,694,0.45782237086584915,0.06803308409809133,Arvin,California,city,False
Place,25858,"Atascadero city, California",16000US0603064,30130,64,23615,465,29015,334,22595,481,1020,670,0.04319288587762016,0.029809273949593665,Atascadero,California,city,False
Place,25871,"Atherton town, California",16000US0603092,7170,56,5570,136,6635,174,5095,174,475,221,0.08527827648114901,0.04280416739076855,Atherton,California,town,False
Place,25884,"Atwater city, California",16000US0603162,29295,42,20575,521,25455,648,17075,691,3500,866,0.1701093560145808,0.04760282110719041,Atwater,California,city,False
Place,25910,"Auburn city, California",16000US0603204,14010,34,11530,275,13500,244,11090,329,440,429,0.03816131830008673,0.03904881053154366,Auburn,California,city,False
Place,25949,"Avalon city, California",16000US0603274,3730,16,2735,277,3150,254,2210,339,525,438,0.19195612431444242,0.19982581221932488,Avalon,California,city,False
Place,25962,"Avenal city, California",16000US0603302,12960,19,8945,349,9435,426,5770,487,3175,600,0.35494689770821686,0.08421085008145274,Avenal,California,city,False
Place,26014,"Azusa city, California",16000US0603386,49755,51,39080,513,43110,701,32920,915,6160,1049,0.15762538382804503,0.029296077524925135,Azusa,California,city,False
Place,26040,"Bakersfield city, California",16000US0603526,377915,210,264830,1753,338780,1990,228115,2388,36715,2963,0.13863610618132388,0.012186656735996892,Bakersfield,California,city,False
Place,26053,"Baldwin Park city, California",16000US0603666,75890,39,57940,800,60405,949,42995,1132,14945,1387,0.2579392474974111,0.027885043717149616,Baldwin Park,California,city,False
Place,26105,"Banning city, California",16000US0603820,31070,32,24005,417,28000,589,21135,626,2870,753,0.11955842532805666,0.034036623001602484,Banning,California,city,False
Place,26118,"Barstow city, California",16000US0604030,23900,65,16285,512,22660,330,15100,578,1185,773,0.07276634940128952,0.05136983268201739,Barstow,California,city,False
Place,26248,"Beaumont city, California",16000US0604758,47145,61,33225,717,44110,534,30395,837,2830,1103,0.08517682468021069,0.035808778863532384,Beaumont,California,city,False
Place,26287,"Bell city, California",16000US0604870,35680,31,25885,610,26420,659,16960,684,8925,917,0.3447942824029361,0.04460235459014006,Bell,California,city,False
Place,26326,"Bellflower city, California",16000US0604982,77195,70,57510,750,65560,884,46670,1078,10840,1314,0.18848895844201008,0.025640710338821482,Bellflower,California,city,False
Place,26339,"Bell Gardens city, California",16000US0604996,42420,25,29520,525,29675,638,17135,635,12385,824,0.41954607046070463,0.03601523321234246,Bell Gardens,California,city,False
Place,26352,"Belmont city, California",16000US0605108,27095,33,20865,267,23510,565,17670,475,3195,545,0.1531272465851905,0.028443779728043794,Belmont,California,city,False
Place,26365,"Belvedere city, California",16000US0605164,2135,169,1585,126,1955,161,1455,130,130,182,0.08201892744479496,0.13182617193834417,Belvedere,California,city,False
Place,26404,"Benicia city, California",16000US0605290,28190,38,22605,286,27055,301,21565,389,1040,483,0.0460075204600752,0.022230303815205944,Benicia,California,city,False
Place,26443,"Berkeley city, California",16000US0606000,121485,56,106295,649,106695,934,91770,991,14525,1185,0.1366480079025354,0.012056155056781565,Berkeley,California,city,False
Place,26508,"Beverly Hills city, California",16000US0606308,34185,51,27250,600,31275,651,24930,767,2320,974,0.08513761467889908,0.038464636728230375,Beverly Hills,California,city,False
Place,26547,"Big Bear Lake city, California",16000US0606434,5240,37,4190,147,4815,183,3830,202,360,250,0.08591885441527446,0.06495920643063204,Big Bear Lake,California,city,False
Place,26586,"Biggs city, California",16000US0606560,2175,354,1560,250,1960,311,1350,227,210,338,0.1346153846153846,0.2837052260716383,Biggs,California,city,False
Place,26651,"Bishop city, California",16000US0606798,3745,23,3040,154,3575,128,2870,173,170,232,0.05592105263157895,0.08337208666156035,Bishop,California,city,False
Place,26742,"Blue Lake city, California",16000US0607162,900,203,795,180,900,203,795,180,0,255,0.0,0.4146341463414634,Blue Lake,California,city,False
Place,26768,"Blythe city, California",16000US0607218,19645,88,15540,392,17565,270,13485,444,2055,593,0.13223938223938225,0.04256917334551344,Blythe,California,city,False
Place,27028,"Bradbury city, California",16000US0607946,835,138,690,113,740,116,605,98,85,150,0.12318840579710146,0.28409062366563687,Bradbury,California,city,False
Place,27054,"Brawley city, California",16000US0608058,26075,31,17255,752,22540,745,13985,906,3270,1178,0.18951028687337004,0.08001646583825814,Brawley,California,city,False
Place,27067,"Brea city, California",16000US0608100,42680,46,33120,440,39475,544,30135,645,2985,781,0.0901268115942029,0.025111866496372384,Brea,California,city,False
Place,27080,"Brentwood city, California",16000US0608142,61960,61,45565,746,58935,686,42860,890,2705,1162,0.0593657412487655,0.026914630914825828,Brentwood,California,city,False
Place,27119,"Brisbane city, California",16000US0608310,4695,20,3855,109,4340,136,3495,164,360,197,0.0933852140077821,0.055306724059489665,Brisbane,California,city,False
Place,27210,"Buellton city, California",16000US0608758,5080,38,3720,187,4570,262,3235,295,485,350,0.1303763440860215,0.10596670714522674,Buellton,California,city,False
Place,27223,"Buena Park city, California",16000US0608786,82490,86,64245,807,68725,1093,51390,1104,12855,1368,0.20009339248190522,0.024109766507974667,Buena Park,California,city,False
Place,27249,"Burbank city, California",16000US0608954,103705,57,84845,632,92660,1203,74800,1213,10045,1368,0.11839236254346161,0.01713303139809136,Burbank,California,city,False
Place,27275,"Burlingame city, California",16000US0609066,30575,53,23350,306,26805,516,19915,556,3435,635,0.14710920770877944,0.02950943488799196,Burlingame,California,city,False
Place,27405,"Calabasas city, California",16000US0609598,23990,39,18630,390,22240,364,17095,529,1535,658,0.08239398819108965,0.0378362749668051,Calabasas,California,city,False
Place,27418,"Calexico city, California",16000US0609710,39945,39,28235,656,32385,850,21285,1042,6950,1232,0.24614839737913938,0.050526608966268344,Calexico,California,city,False
Place,27431,"California City city, California",16000US0609780,13825,28,10920,422,13120,192,10240,469,680,631,0.06227106227106227,0.06260986742983314,California City,California,city,False
Place,27470,"Calimesa city, California",16000US0609864,8815,44,7095,202,8575,110,6860,241,235,315,0.03312191684284708,0.046669175569745404,Calimesa,California,city,False
Place,27483,"Calipatria city, California",16000US0609878,7395,16,6180,266,6540,147,5345,293,835,396,0.13511326860841424,0.07303688357285054,Calipatria,California,city,False
Place,27496,"Calistoga city, California",16000US0609892,5270,16,4305,241,4660,262,3725,287,580,375,0.13472706155632985,0.10026309592398511,Calistoga,California,city,False
Place,27587,"Camarillo city, California",16000US0610046,68120,86,54005,514,64135,628,50405,772,3600,928,0.0666604943986668,0.01798925976558513,Camarillo,California,city,False
Place,27665,"Campbell city, California",16000US0610345,42220,76,33165,498,37260,676,28590,745,4575,897,0.13794663048394393,0.029561864327333515,Campbell,California,city,False
Place,27782,"Canyon Lake city, California",16000US0610928,11170,30,8815,312,10945,117,8590,347,225,467,0.025524673851389675,0.05585836742815872,Canyon Lake,California,city,False
Place,27795,"Capitola city, California",16000US0611040,10120,24,8350,304,9300,365,7680,468,670,559,0.08023952095808383,0.07250718547989778,Capitola,California,city,False
Place,27821,"Carlsbad city, California",16000US0611194,114255,54,87830,825,109485,787,83415,1057,4415,1341,0.05026756233633155,0.015889555070714018,Carlsbad,California,city,False
Place,27834,"Carmel-by-the-Sea city, California",16000US0611250,3830,35,3375,198,3535,174,3130,232,245,306,0.0725925925925926,0.10084146469415592,Carmel-by-the-Sea,California,city,False
Place,27899,"Carpinteria city, California",16000US0611446,13505,40,10875,251,11350,346,8790,400,2085,473,0.1917241379310345,0.04905146447860406,Carpinteria,California,city,False
Place,27925,"Carson city, California",16000US0611530,92080,119,73420,793,81205,1074,63075,1159,10345,1405,0.1409016616725688,0.020883900170822783,Carson,California,city,False
Place,28081,"Cathedral City city, California",16000US0612048,54355,89,41740,605,44780,729,32700,812,9040,1013,0.21657882127455677,0.02781160050738074,Cathedral City,California,city,False
Place,28185,"Ceres city, California",16000US0612524,48215,60,33330,537,41890,672,27300,806,6030,969,0.18091809180918092,0.032511603552634105,Ceres,California,city,False
Place,28198,"Cerritos city, California",16000US0612552,50145,34,40755,445,45375,710,36525,737,4230,861,0.10379094589620906,0.022505258519568652,Cerritos,California,city,False
Place,28328,"Chico city, California",16000US0613014,94530,49,76370,651,90860,486,72795,802,3575,1033,0.046811575225874036,0.014045012948824522,Chico,California,city,False
Place,28380,"Chino city, California",16000US0613210,89630,127,71525,690,79400,911,61995,1113,9530,1310,0.1332401258301293,0.019791567541791344,Chino,California,city,False
Place,28393,"Chino Hills city, California",16000US0613214,80700,49,62350,689,72570,916,54945,1038,7405,1246,0.11876503608660786,0.021534342775233486,Chino Hills,California,city,False
Place,28406,"Chowchilla city, California",16000US0613294,18415,35,14890,328,16435,410,13020,467,1870,571,0.12558764271323036,0.042040430353656066,Chowchilla,California,city,False
Place,28432,"Chula Vista city, California",16000US0613392,268920,152,200870,1391,229750,2321,163865,2530,37005,2888,0.1842236272215861,0.015762336213161393,Chula Vista,California,city,False
Place,28458,"Citrus Heights city, California",16000US0613588,87375,58,69325,596,82425,739,65025,897,4300,1077,0.062026685899747566,0.01620812036834887,Citrus Heights,California,city,False
Place,28471,"Claremont city, California",16000US0613756,36090,101,29465,345,33800,454,27410,512,2055,618,0.06974376378754454,0.022048818630037867,Claremont,California,city,False
Place,28510,"Clayton city, California",16000US0613882,12085,27,9320,213,11740,169,9015,228,305,313,0.03272532188841202,0.03513456610983109,Clayton,California,city,False
Place,28536,"Clearlake city, California",16000US0613945,15350,31,11255,386,14420,310,10340,487,915,622,0.0812972012438916,0.0601141521464847,Clearlake,California,city,False
Place,28614,"Cloverdale city, California",16000US0614190,8755,25,6625,276,7525,390,5555,425,1070,507,0.16150943396226414,0.08687613856884313,Cloverdale,California,city,False
Place,28627,"Clovis city, California",16000US0614218,109160,83,78880,766,104125,837,74255,989,4625,1251,0.05863336713995943,0.016590024313557224,Clovis,California,city,False
Place,28653,"Coachella city, California",16000US0614260,45180,31,34365,792,33650,982,23340,1228,11025,1462,0.32082060235704934,0.05111517937231652,Coachella,California,city,False
Place,28666,"Coalinga city, California",16000US0614274,16905,30,12775,439,14820,316,10725,504,2050,669,0.16046966731898238,0.05994213553445471,Coalinga,California,city,False
Place,28770,"Colfax city, California",16000US0614498,2055,330,1605,243,2055,330,1605,243,0,344,0.0,0.2525697503671072,Colfax,California,city,False
Place,28809,"Colma town, California",16000US0614736,1300,205,1055,169,1160,191,915,162,140,235,0.13270142180094788,0.2905491425331379,Colma,California,town,False
Place,28835,"Colton city, California",16000US0614890,54580,59,39495,871,48790,892,34055,1301,5440,1566,0.13773895429801242,0.04365085514689229,Colton,California,city,False
Place,28861,"Colusa city, California",16000US0614946,6105,36,4545,161,5255,199,3740,238,805,288,0.1771177117711771,0.07219798165947983,Colusa,California,city,False
Place,28874,"Commerce city, California",16000US0614974,12830,25,9795,307,10475,376,7500,444,2295,540,0.2343032159264931,0.06449526636693015,Commerce,California,city,False
Place,28900,"Compton city, California",16000US0615044,96805,74,68500,942,78990,1072,51225,1232,17275,1551,0.2521897810218978,0.026474477837156618,Compton,California,city,False
Place,28913,"Concord city, California",16000US0616000,129185,65,102525,826,109760,1350,84910,1343,17615,1577,0.1718117532309193,0.016902000099988573,Concord,California,city,False
Place,28965,"Corcoran city, California",16000US0616224,22155,43,18110,302,18760,396,14855,430,3255,526,0.17973495306460519,0.032585352416077656,Corcoran,California,city,False
Place,28978,"Corning city, California",16000US0616322,7590,24,5490,382,7045,270,4945,399,545,553,0.09927140255009108,0.1156855277553122,Corning,California,city,False
Place,28991,"Corona city, California",16000US0616350,166970,83,124720,1151,149095,1311,107770,1416,16950,1825,0.13590442591404747,0.016034976363222708,Corona,California,city,False
Place,29004,"Coronado city, California",16000US0616378,23640,41,19190,513,22745,315,18385,646,805,825,0.04194893173527879,0.04532418493228024,Coronado,California,city,False
Place,29043,"Corte Madera town, California",16000US0616462,9840,43,7335,273,9410,190,6945,281,390,392,0.053169734151329244,0.0575637691055385,Corte Madera,California,town,False
Place,29056,"Costa Mesa city, California",16000US0616532,113160,79,90135,833,97230,1136,75030,1311,15105,1554,0.16758196039274423,0.01896481347570217,Costa Mesa,California,city,False
Place,29069,"Cotati city, California",16000US0616560,7455,35,5765,204,6915,181,5265,253,500,325,0.08673026886383348,0.061624343615936356,Cotati,California,city,False
Place,29160,"Covina city, California",16000US0616742,48095,68,37240,640,44070,502,33400,775,3840,1006,0.10311493018259936,0.02928944140210009,Covina,California,city,False
Place,29186,"Crescent City city, California",16000US0617022,6675,20,5770,217,6340,86,5440,222,330,311,0.05719237435008666,0.058240724875557134,Crescent City,California,city,False
Place,29329,"Cudahy city, California",16000US0617498,23890,35,16560,393,16700,422,9690,550,6870,676,0.4148550724637681,0.05189819035555521,Cudahy,California,city,False
Place,29342,"Culver City city, California",16000US0617568,39170,36,31760,429,35410,533,28135,683,3625,807,0.11413727959697734,0.027320062971086245,Culver City,California,city,False
Place,29355,"Cupertino city, California",16000US0617610,60255,45,44775,449,46625,1017,33635,896,11140,1003,0.24879955332216638,0.025148016952615898,Cupertino,California,city,False
Place,29407,"Cypress city, California",16000US0617750,48895,50,37715,406,43175,645,32515,692,5200,803,0.13787617658756463,0.02302333827480102,Cypress,California,city,False
Place,29420,"Daly City city, California",16000US0617918,106675,70,89875,732,88355,1571,72705,1640,17170,1796,0.19104311543810848,0.021716158986131218,Daly City,California,city,False
Place,29433,"Dana Point city, California",16000US0617946,33770,41,28540,560,32140,387,26970,686,1570,886,0.05501051156271899,0.03276647199696651,Dana Point,California,city,False
Place,29446,"Danville town, California",16000US0617988,44605,65,33390,433,42235,525,31240,585,2150,728,0.0643905360886493,0.02293537342981415,Danville,California,town,False
Place,29498,"Davis city, California",16000US0618100,68545,79,58310,473,59905,745,50265,822,8045,949,0.13796947350368718,0.01753651747094842,Davis,California,city,False
Place,29550,"Delano city, California",16000US0618394,52885,32,38940,858,38670,1136,25645,1240,13295,1508,0.3414227015921931,0.047291126463056055,Delano,California,city,False
Place,29602,"Del Mar city, California",16000US0618506,4330,23,3685,223,3875,278,3250,296,435,371,0.11804613297150611,0.11476726968591734,Del Mar,California,city,False
Place,29641,"Del Rey Oaks city, California",16000US0618688,1525,146,1260,108,1470,137,1210,104,50,150,0.03968253968253968,0.13392857142857142,Del Rey Oaks,California,city,False
Place,29732,"Desert Hot Springs city, California",16000US0618996,28585,42,21440,700,23860,682,17090,941,4350,1173,0.20289179104477612,0.06340521956274559,Desert Hot Springs,California,city,False
Place,29810,"Diamond Bar city, California",16000US0619192,56210,107,44945,505,48700,739,38115,752,6830,906,0.15196351095783736,0.02211389678293671,Diamond Bar,California,city,False
Place,29849,"Dinuba city, California",16000US0619318,24015,39,15740,414,19305,568,11295,560,4445,697,0.2824015247776366,0.05310676179420215,Dinuba,California,city,False
Place,29875,"Dixon city, California",16000US0619402,20085,38,14760,476,17700,658,12570,677,2190,828,0.1483739837398374,0.0629113705026717,Dixon,California,city,False
Place,29953,"Dorris city, California",16000US0619584,910,200,660,143,825,181,580,113,80,183,0.12121212121212122,0.38749194068343007,Dorris,California,city,False
Place,29966,"Dos Palos city, California",16000US0619612,5350,24,3735,345,4355,445,2780,420,955,544,0.2556894243641232,0.18649346649133403,Dos Palos,California,city,False
Place,30005,"Downey city, California",16000US0619766,112320,47,85715,805,98095,1029,71955,1212,13760,1455,0.1605319955667036,0.018657734735969794,Downey,California,city,False
Place,30057,"Duarte city, California",16000US0619990,21560,63,17775,284,18745,551,14965,625,2810,687,0.1580872011251758,0.041844192162800886,Duarte,California,city,False
Place,30070,"Dublin city, California",16000US0620018,61240,52,44960,441,49565,784,34435,873,10525,979,0.23409697508896798,0.024309547968602963,Dublin,California,city,False
Place,30109,"Dunsmuir city, California",16000US0620242,1725,170,1350,135,1680,171,1305,133,45,190,0.03333333333333333,0.160082304526749,Dunsmuir,California,city,False
Place,30278,"East Palo Alto city, California",16000US0620956,29595,41,21210,560,21320,889,13145,912,8065,1071,0.38024516737388026,0.06217614013217304,East Palo Alto,California,city,False
Place,30408,"Eastvale city, California",16000US0621230,62045,49,43160,653,56000,921,37530,867,5630,1086,0.1304448563484708,0.027552649944610347,Eastvale,California,city,False
Place,30486,"El Cajon city, California",16000US0621712,103185,54,77115,871,87170,1260,64165,1150,12950,1443,0.16793101212474876,0.020844498079332863,El Cajon,California,city,False
Place,30499,"El Centro city, California",16000US0621782,44005,51,31050,557,37010,777,24725,751,6325,936,0.2037037037037037,0.03441652061007325,El Centro,California,city,False
Place,30512,"El Cerrito city, California",16000US0621796,25400,52,20900,301,22280,433,18020,431,2880,526,0.13779904306220095,0.027548789356848513,El Cerrito,California,city,False
Place,30603,"Elk Grove city, California",16000US0622020,170825,125,126600,997,160285,1006,117465,1200,9135,1561,0.0721563981042654,0.013000803554930634,Elk Grove,California,city,False
Place,30642,"El Monte city, California",16000US0622230,115515,95,88970,957,85870,1791,60530,1661,28440,1917,0.3196583117904912,0.0252566439546828,El Monte,California,city,False
Place,30668,"El Paso de Robles (Paso Robles) city, California",16000US0622300,31820,29,24675,534,28545,689,21535,804,3140,966,0.12725430597771023,0.04282978333093482,Paso Robles,California,city,False
Place,30720,"El Segundo city, California",16000US0622412,16730,70,12685,410,15870,233,11915,431,770,595,0.0607016160819866,0.050500013245915645,El Segundo,California,city,False
Place,30798,"Emeryville city, California",16000US0622594,11900,30,10915,156,10025,275,9050,323,1865,359,0.17086578103527256,0.03584487980681314,Emeryville,California,city,False
Place,30824,"Encinitas city, California",16000US0622678,62780,54,50000,597,59705,711,47075,766,2925,972,0.0585,0.020381849280408072,Encinitas,California,city,False
Place,30837,"Escalon city, California",16000US0622790,7540,31,5600,214,7315,173,5375,273,225,347,0.04017857142857143,0.0660226911039202,Escalon,California,city,False
Place,30850,"Escondido city, California",16000US0622804,151300,62,114260,1071,126735,1189,91025,1545,23235,1880,0.2033520042009452,0.018533514709903026,Escondido,California,city,False
Place,30876,"Etna city, California",16000US0622972,735,206,510,121,735,206,510,121,0,172,0.0,0.442159383033419,Etna,California,city,False
Place,30902,"Eureka city, California",16000US0623042,26965,45,21875,508,26200,253,21145,572,730,766,0.03337142857142857,0.03664307978257527,Eureka,California,city,False
Place,30915,"Exeter city, California",16000US0623126,10475,57,7335,264,9570,422,6540,447,795,520,0.1083844580777096,0.07758640884351795,Exeter,California,city,False
Place,30941,"Fairfax town, California",16000US0623168,7580,27,6315,179,7050,270,5815,268,500,323,0.0791765637371338,0.054949903016451584,Fairfax,California,town,False
Place,30954,"Fairfield city, California",16000US0623182,115280,60,86040,775,103960,830,75365,1047,10675,1303,0.12407019990701999,0.01640948108752642,Fairfield,California,city,False
Place,31045,"Farmersville city, California",16000US0623616,10715,26,7480,368,8495,448,5295,517,2185,635,0.29211229946524064,0.10440063641777397,Farmersville,California,city,False
Place,31097,"Ferndale city, California",16000US0623910,1375,206,1040,149,1335,199,995,139,45,204,0.04326923076923077,0.23619204869204868,Ferndale,California,city,False
Place,31162,"Fillmore city, California",16000US0624092,15665,27,11360,318,14285,380,10045,509,1315,601,0.11575704225352113,0.05776224773017749,Fillmore,California,city,False
Place,31175,"Firebaugh city, California",16000US0624134,8300,22,5630,224,5260,548,2825,450,2805,503,0.49822380106571934,0.11368888853842424,Firebaugh,California,city,False
Place,31253,"Folsom city, California",16000US0624638,78160,71,59245,611,72065,730,53740,963,5505,1141,0.0929192336906068,0.020427971002915726,Folsom,California,city,False
Place,31266,"Fontana city, California",16000US0624680,210760,91,150425,1480,181340,1521,122385,1863,28040,2380,0.18640518530829317,0.017831277815678753,Fontana,California,city,False
Place,31383,"Fort Bragg city, California",16000US0625058,7300,28,5445,204,6310,358,4510,374,935,427,0.1717171717171717,0.08815689811682942,Fort Bragg,California,city,False
Place,31422,"Fort Jones city, California",16000US0625128,690,208,505,119,685,203,500,115,5,166,0.009900990099009901,0.43310419124814037,Fort Jones,California,city,False
Place,31435,"Fortuna city, California",16000US0625296,12210,47,9345,295,11550,294,8785,363,560,468,0.0599250936329588,0.05366606658803567,Fortuna,California,city,False
Place,31461,"Foster City city, California",16000US0625338,33995,55,26540,336,26080,589,19690,618,6850,704,0.25810097965335344,0.030175619339166793,Foster City,California,city,False
Place,31474,"Fountain Valley city, California",16000US0625380,56025,50,45000,447,52045,658,41465,663,3535,800,0.07855555555555556,0.018744289572718634,Fountain Valley,California,city,False
Place,31487,"Fowler city, California",16000US0625436,6525,26,4665,212,6085,181,4245,276,420,349,0.09003215434083602,0.08266041246805687,Fowler,California,city,False
Place,31565,"Fremont city, California",16000US0626000,235740,69,181815,1021,183920,1871,134905,1709,46910,1991,0.25800951516651544,0.012469593653467503,Fremont,California,city,False
Place,31617,"Fresno city, California",16000US0627000,525010,257,375795,1548,467340,2871,322900,2698,52895,3111,0.14075493287563698,0.008894897316722605,Fresno,California,city,False
Place,31682,"Fullerton city, California",16000US0628000,139610,66,109130,1060,120160,1265,91005,1662,18125,1972,0.1660863190690003,0.01987648281866511,Fullerton,California,city,False
Place,31721,"Galt city, California",16000US0628112,25990,35,19220,387,23960,520,17350,601,1870,715,0.09729448491155047,0.03996458162060053,Galt,California,city,False
Place,31747,"Gardena city, California",16000US0628168,59710,41,48050,593,49810,945,38525,1012,9525,1173,0.19823100936524454,0.027194112323863484,Gardena,California,city,False
Place,31786,"Garden Grove city, California",16000US0629000,173260,106,136210,983,147330,1322,111780,1576,24430,1858,0.1793554070919903,0.015043640435500522,Garden Grove,California,city,False
Place,31890,"Gilroy city, California",16000US0629504,56765,38,40110,720,48945,988,32825,988,7285,1223,0.18162552979306906,0.03436837728994693,Gilroy,California,city,False
Place,31903,"Glendale city, California",16000US0630000,200230,52,164850,999,163280,1762,131340,1783,33510,2044,0.2032757051865332,0.01371412093598054,Glendale,California,city,False
Place,31916,"Glendora city, California",16000US0630014,51800,54,39975,505,48080,632,36720,706,3255,869,0.08142589118198874,0.023058527363742184,Glendora,California,city,False
Place,31981,"Goleta city, California",16000US0630378,30975,48,24615,423,27290,573,21160,587,3455,724,0.14036156814950235,0.032381487406053205,Goleta,California,city,False
Place,31994,"Gonzales city, California",16000US0630392,8375,23,5680,308,6170,332,3545,371,2135,483,0.37588028169014087,0.11146149046175785,Gonzales,California,city,False
Place,32059,"Grand Terrace city, California",16000US0630658,12510,31,10065,341,12035,224,9625,456,440,570,0.04371584699453552,0.060150874519244814,Grand Terrace,California,city,False
Place,32124,"Grass Valley city, California",16000US0630798,12890,30,10485,372,12475,226,10070,464,415,595,0.039580352885073916,0.06029109970070676,Grass Valley,California,city,False
Place,32215,"Greenfield city, California",16000US0630994,17375,27,11220,366,11145,630,5280,568,5940,676,0.5294117647058824,0.08013310354545355,Greenfield,California,city,False
Place,32306,"Gridley city, California",16000US0631260,6745,26,4705,235,6140,172,4100,252,605,345,0.12858660998937302,0.08394135421644353,Gridley,California,city,False
Place,32358,"Grover Beach city, California",16000US0631393,13535,24,10495,285,12985,321,9945,458,550,540,0.05240590757503573,0.054352172738382484,Grover Beach,California,city,False
Place,32371,"Guadalupe city, California",16000US0631414,7450,25,5060,196,5265,407,3015,347,2045,399,0.4041501976284585,0.09831690763469936,Guadalupe,California,city,False
Place,32410,"Gustine city, California",16000US0631568,5815,18,4655,373,4785,375,3650,380,1005,533,0.2158968850698174,0.1432810691571793,Gustine,California,city,False
Place,32436,"Half Moon Bay city, California",16000US0631708,12835,26,10565,242,11420,415,9175,471,1390,530,0.13156649313771887,0.05442595091924132,Half Moon Bay,California,city,False
Place,32475,"Hanford city, California",16000US0631960,56475,47,40525,584,50770,831,35235,985,5290,1146,0.13053670573719925,0.030600972337961607,Hanford,California,city,False
Place,32579,"Hawaiian Gardens city, California",16000US0632506,14335,30,10455,328,10775,619,6995,620,3460,702,0.33094213295074126,0.08003841410169282,Hawaiian Gardens,California,city,False
Place,32592,"Hawthorne city, California",16000US0632548,87105,98,64765,935,70105,1085,49215,1361,15550,1652,0.2400988188064541,0.029398282869873643,Hawthorne,California,city,False
Place,32618,"Hayward city, California",16000US0633000,159295,104,125155,887,130780,1462,97880,1494,27275,1738,0.21792976708880987,0.015541440301668763,Hayward,California,city,False
Place,32631,"Healdsburg city, California",16000US0633056,11845,27,9750,288,10855,288,8790,336,960,443,0.09846153846153846,0.04981578134399947,Healdsburg,California,city,False
Place,32657,"Hemet city, California",16000US0633182,84540,56,62435,970,77840,875,56045,1230,6390,1567,0.10234644029790983,0.02710934754883222,Hemet,California,city,False
Place,32683,"Hercules city, California",16000US0633308,25615,46,20615,536,23690,422,18800,594,1815,801,0.08804268736357021,0.042242685413958564,Hercules,California,city,False
Place,32709,"Hermosa Beach city, California",16000US0633364,19540,30,16050,338,18795,232,15385,401,665,525,0.041433021806853584,0.034305267398849065,Hermosa Beach,California,city,False
Place,32722,"Hesperia city, California",16000US0633434,94205,90,65365,940,85455,964,57150,1282,8215,1590,0.12567888013462863,0.026513591731882807,Hesperia,California,city,False
Place,32748,"Hidden Hills city, California",16000US0633518,1750,275,1275,159,1680,264,1205,160,70,226,0.054901960784313725,0.21033101412608055,Hidden Hills,California,city,False
Place,32800,"Highland city, California",16000US0633588,55050,50,38220,674,48785,821,32280,921,5940,1142,0.1554160125588697,0.033205944507129354,Highland,California,city,False
Place,32826,"Hillsborough town, California",16000US0633798,11445,33,8540,169,10730,258,7850,263,690,313,0.08079625292740047,0.03902216781086258,Hillsborough,California,town,False
Place,32865,"Hollister city, California",16000US0634120,38685,41,27550,342,33730,707,22805,718,4745,796,0.1722323049001815,0.03142103235356741,Hollister,California,city,False
Place,32878,"Holtville city, California",16000US0634246,6525,17,4440,347,5470,546,3570,542,870,644,0.19594594594594594,0.17395388303035508,Holtville,California,city,False
Place,33034,"Hughson city, California",16000US0634904,7460,24,5185,313,7030,190,4755,360,430,478,0.08293153326904533,0.10343956689515828,Hughson,California,city,False
Place,33060,"Huntington Beach city, California",16000US0636000,200260,89,161815,973,188825,1151,151105,1495,10710,1784,0.0661866946821988,0.01149202107612303,Huntington Beach,California,city,False
Place,33073,"Huntington Park city, California",16000US0636056,58355,116,41965,564,40070,829,24540,810,17425,988,0.4152269748600024,0.029520736547934634,Huntington Park,California,city,False
Place,33086,"Huron city, California",16000US0636084,7115,24,4505,387,3900,445,1615,349,2890,522,0.6415094339622641,0.1870481182475464,Huron,California,city,False
Place,33151,"Imperial city, California",16000US0636280,17455,27,11150,624,16085,387,9815,660,1335,909,0.11973094170403588,0.09345545388783187,Imperial,California,city,False
Place,33164,"Imperial Beach city, California",16000US0636294,27315,69,20745,455,24430,416,17925,581,2820,738,0.13593637020968907,0.03942094866660467,Imperial Beach,California,city,False
Place,33216,"Indian Wells city, California",16000US0636434,5370,24,5105,95,5110,90,4845,136,260,166,0.050930460333006855,0.03409947978675362,Indian Wells,California,city,False
Place,33229,"Indio city, California",16000US0636448,89470,61,69505,1059,78905,1144,59395,1399,10110,1755,0.14545716135529818,0.02789117163713381,Indio,California,city,False
Place,33255,"Industry city, California",16000US0636490,375,130,245,74,345,131,215,73,30,104,0.12244897959183673,0.6611767514023152,Industry,California,city,False
Place,33268,"Inglewood city, California",16000US0636546,109615,48,83810,1049,91800,1031,66660,1295,17150,1667,0.20462951915045938,0.022736027423409966,Inglewood,California,city,False
Place,33320,"Ione city, California",16000US0636672,7755,20,7155,181,7480,106,6880,212,275,279,0.03843466107617051,0.04100325116931271,Ione,California,city,False
Place,33346,"Irvine city, California",16000US0636770,273155,82,212955,1454,217890,2980,165335,2665,47620,3036,0.22361531779014346,0.015891824020060757,Irvine,California,city,False
Place,33359,"Irwindale city, California",16000US0636826,1395,154,1075,101,1265,143,945,95,130,139,0.12093023255813953,0.1552504655938112,Irwindale,California,city,False
Place,33385,"Isleton city, California",16000US0636882,545,132,450,98,455,103,380,81,70,128,0.15555555555555556,0.40694444444444444,Isleton,California,city,False
Place,33411,"Jackson city, California",16000US0636980,4750,28,3905,172,4570,152,3765,186,140,254,0.03585147247119078,0.06969366548755554,Jackson,California,city,False
Place,33580,"Jurupa Valley city, California",16000US0637692,105655,46,76040,871,88645,1025,60150,1112,15890,1413,0.20896896370331405,0.021219012723138336,Jurupa Valley,California,city,False
Place,33723,"Kerman city, California",16000US0638226,14815,25,9980,343,11460,569,6690,536,3290,637,0.32965931863727455,0.07783263944096558,Kerman,California,city,False
Place,33788,"King City city, California",16000US0638520,13920,22,9245,456,8055,691,3830,532,5415,701,0.5857220118983234,0.11014782539829737,King City,California,city,False
Place,33814,"Kingsburg city, California",16000US0638562,11955,40,8495,352,11445,350,8065,463,430,582,0.050618010594467334,0.07366051083498126,Kingsburg,California,city,False
Place,33892,"La Cañada Flintridge city, California",16000US0639003,20260,32,14980,240,19095,272,13915,371,1065,442,0.07109479305740989,0.03114401291273937,La Cañada Flintridge,California,city,False
Place,33957,"Lafayette city, California",16000US0639122,26305,43,19605,399,24690,426,18335,510,1270,648,0.06477939301198674,0.03508523262583478,Lafayette,California,city,False
Place,33970,"Laguna Beach city, California",16000US0639178,23035,42,19215,339,21985,279,18235,451,980,565,0.051001821493624776,0.030848146719979798,Laguna Beach,California,city,False
Place,33983,"Laguna Hills city, California",16000US0639220,31615,50,25180,524,28325,604,22275,669,2905,850,0.1153693407466243,0.03692624653436208,Laguna Hills,California,city,False
Place,33996,"Laguna Niguel city, California",16000US0639248,65810,51,52930,656,61045,780,48465,981,4465,1181,0.08435669752503307,0.023651107502322785,Laguna Niguel,California,city,False
Place,34009,"Laguna Woods city, California",16000US0639259,16055,34,16020,47,15310,225,15275,231,745,236,0.046504369538077406,0.014911770197726763,Laguna Woods,California,city,False
Place,34035,"La Habra city, California",16000US0639290,60595,60,46290,549,51325,800,37325,810,8965,979,0.19367033916612658,0.023727618902127295,La Habra,California,city,False
Place,34048,"La Habra Heights city, California",16000US0639304,6575,21,5320,247,6230,156,4980,332,340,414,0.06390977443609022,0.08472022753512995,La Habra Heights,California,city,False
Place,34178,"Lake Elsinore city, California",16000US0639486,65815,91,44850,971,58605,759,38115,1086,6735,1457,0.15016722408026756,0.03652800598422798,Lake Elsinore,California,city,False
Place,34191,"Lake Forest city, California",16000US0639496,83975,89,65695,651,75080,972,57320,1034,8375,1222,0.12748306568231982,0.020063210684447302,Lake Forest,California,city,False
Place,34321,"Lakeport city, California",16000US0639710,4910,19,3985,207,4740,98,3815,243,170,320,0.04265997490589712,0.08703827813804146,Lakeport,California,city,False
Place,34412,"Lakewood city, California",16000US0639892,80290,106,62730,693,75115,620,57795,721,4935,1001,0.07867049258727882,0.01701434065739775,Lakewood,California,city,False
Place,34425,"La Mesa city, California",16000US0640004,59555,43,47500,594,55795,713,44005,902,3495,1081,0.07357894736842105,0.023977868390756885,La Mesa,California,city,False
Place,34438,"La Mirada city, California",16000US0640032,48765,74,39600,484,45575,510,36635,649,2965,810,0.07487373737373737,0.02163408551203827,La Mirada,California,city,False
Place,34477,"Lancaster city, California",16000US0640130,159030,65,113405,1381,152360,727,107185,1420,6220,1981,0.05484766985582646,0.018359857102682432,Lancaster,California,city,False
Place,34490,"La Palma city, California",16000US0640256,15605,85,12815,275,14105,339,11445,371,1370,462,0.10690596956691377,0.03918653442032706,La Palma,California,city,False
Place,34529,"La Puente city, California",16000US0640340,40020,49,30295,418,31965,780,22515,847,7780,945,0.2568080541343456,0.035222604901032795,La Puente,California,city,False
Place,34542,"La Quinta city, California",16000US0640354,41075,45,33055,614,38355,471,30410,784,2645,996,0.08001815156557253,0.03221636648257642,La Quinta,California,city,False
Place,34581,"Larkspur city, California",16000US0640438,12320,28,10100,185,11450,262,9300,309,800,361,0.07920792079207921,0.037887389344078135,Larkspur,California,city,False
Place,34646,"Lathrop city, California",16000US0640704,22340,73,16165,374,18890,701,12930,669,3235,767,0.20012372409526755,0.053311777139613076,Lathrop,California,city,False
Place,34672,"La Verne city, California",16000US0640830,32210,68,25625,408,30580,405,24120,544,1505,680,0.05873170731707317,0.027916188943386044,La Verne,California,city,False
Place,34698,"Lawndale city, California",16000US0640886,32820,33,25045,476,26665,770,19170,870,5875,992,0.2345777600319425,0.04492079505780475,Lawndale,California,city,False
Place,34789,"Lemon Grove city, California",16000US0641124,26800,43,20110,478,24730,448,18110,584,2000,755,0.09945300845350571,0.040879102385940086,Lemon Grove,California,city,False
Place,34815,"Lemoore city, California",16000US0641152,26105,47,18985,468,24530,401,17460,505,1525,689,0.08032657361074533,0.03923923078521514,Lemoore,California,city,False
Place,34919,"Lincoln city, California",16000US0641474,47390,49,36800,431,44830,597,34380,710,2420,831,0.06576086956521739,0.023628445510808893,Lincoln,California,city,False
Place,34984,"Lindsay city, California",16000US0641712,13310,33,8950,457,9355,440,5285,495,3665,674,0.4094972067039106,0.10139411556148442,Lindsay,California,city,False
Place,35088,"Live Oak city, California",16000US0641936,8680,58,5990,237,7570,312,4930,341,1060,416,0.17696160267111852,0.07960019117557018,Live Oak,California,city,False
Place,35101,"Livermore city, California",16000US0641992,89700,73,68565,721,82670,911,61990,1001,6575,1234,0.0958944067673011,0.019207886729544613,Livermore,California,city,False
Place,35114,"Livingston city, California",16000US0642006,14230,31,9960,415,11200,490,7000,494,2960,646,0.2971887550200803,0.08060066352365985,Livingston,California,city,False
Place,35153,"Lodi city, California",16000US0642202,65845,63,47510,649,59470,762,41635,879,5875,1093,0.1236581772258472,0.025036899703795787,Lodi,California,city,False
Place,35192,"Loma Linda city, California",16000US0642370,24185,56,19645,458,21515,487,17115,667,2530,810,0.12878595062356835,0.04529024680177174,Loma Linda,California,city,False
Place,35231,"Lomita city, California",16000US0642468,20515,48,16165,362,18755,435,14515,541,1650,651,0.10207237859573152,0.043532886227403325,Lomita,California,city,False
Place,35257,"Lompoc city, California",16000US0642524,43230,95,31495,602,37065,669,25605,794,5890,997,0.18701381171614542,0.03591694929767647,Lompoc,California,city,False
Place,35309,"Long Beach city, California",16000US0643000,466775,99,362340,1852,409790,1972,308280,2651,54060,3234,0.14919688690180494,0.009737668478679296,Long Beach,California,city,False
Place,35335,"Loomis town, California",16000US0643140,6790,25,5240,350,6790,29,5240,348,0,494,0.0,0.10102249488752556,Loomis,California,town,False
Place,35348,"Los Alamitos city, California",16000US0643224,11535,62,8940,199,11005,166,8445,212,495,291,0.05536912751677853,0.034551934146646715,Los Alamitos,California,city,False
Place,35374,"Los Altos city, California",16000US0643280,30505,74,22635,301,27310,420,19985,445,2650,538,0.11707532582284073,0.0256666818784219,Los Altos,California,city,False
Place,35387,"Los Altos Hills town, California",16000US0643294,8505,32,6650,130,7955,148,6150,171,500,215,0.07518796992481203,0.034474606762304544,Los Altos Hills,California,town,False
Place,35400,"Los Angeles city, California",16000US0644000,3966935,82,3145520,3613,3199205,7929,2417040,7692,728480,8499,0.2315928685877057,0.002971362626012608,Los Angeles,California,city,False
Place,35413,"Los Banos city, California",16000US0644028,38915,41,25450,624,32505,753,19375,861,6075,1064,0.2387033398821218,0.04885808765352631,Los Banos,California,city,False
Place,35439,"Los Gatos town, California",16000US0644112,30730,47,23960,438,28210,461,21905,563,2055,714,0.08576794657762939,0.031951635090596106,Los Gatos,California,town,False
Place,35530,"Loyalton city, California",16000US0644364,1095,207,825,180,1095,207,825,180,0,255,0.0,0.3953488372093023,Loyalton,California,city,False
Place,35595,"Lynwood city, California",16000US0644574,70635,55,50685,893,53920,908,34865,1069,15820,1393,0.31212390253526684,0.03357420157784369,Lynwood,California,city,False
Place,35699,"McFarland city, California",16000US0644826,14825,41,9730,423,10485,543,5880,557,3850,700,0.39568345323741005,0.09319588489517833,McFarland,California,city,False
Place,35764,"Madera city, California",16000US0645022,64835,50,42600,643,51105,1181,29600,1152,13000,1320,0.3051643192488263,0.03613748974609704,Madera,California,city,False
Place,35842,"Malibu city, California",16000US0645246,12620,28,10635,351,11995,358,10115,417,520,546,0.048895157498824636,0.05476100741755032,Malibu,California,city,False
Place,35855,"Mammoth Lakes town, California",16000US0645358,8170,14,6305,296,6295,624,4655,543,1650,619,0.2616970658207772,0.11590320044648861,Mammoth Lakes,California,town,False
Place,35881,"Manhattan Beach city, California",16000US0645400,35500,70,26015,380,33900,503,24750,479,1265,612,0.048625792811839326,0.024594413936746586,Manhattan Beach,California,city,False
Place,35907,"Manteca city, California",16000US0645484,79130,63,58400,687,73290,861,52935,944,5465,1168,0.09357876712328766,0.02135201103761196,Manteca,California,city,False
Place,35946,"Maricopa city, California",16000US0645736,1230,159,865,118,1130,155,780,117,85,167,0.09826589595375723,0.2390835016366042,Maricopa,California,city,False
Place,35959,"Marina city, California",16000US0645778,21980,37,16990,384,19550,575,14705,685,2285,786,0.13449087698646262,0.05044227970389026,Marina,California,city,False
Place,36037,"Martinez city, California",16000US0646114,38290,44,30725,459,36780,432,29380,559,1345,724,0.043775427176566316,0.02458510939912919,Martinez,California,city,False
Place,36050,"Marysville city, California",16000US0646170,12325,26,9415,302,11640,244,8760,363,655,473,0.06956983536909188,0.054209381134803655,Marysville,California,city,False
Place,36128,"Maywood city, California",16000US0646492,27330,72,19630,374,18765,527,11315,600,8315,708,0.42358634742740703,0.04499487401006702,Maywood,California,city,False
Place,36232,"Mendota city, California",16000US0646828,11530,22,7305,394,6190,629,2845,450,4460,599,0.6105407255304586,0.12148068960483294,Mendota,California,city,False
Place,36245,"Menifee city, California",16000US0646842,90350,130,67705,803,85900,645,63430,999,4275,1282,0.06314157004652536,0.019920221828157017,Menifee,California,city,False
Place,36258,"Menlo Park city, California",16000US0646870,34140,59,25635,427,29645,485,21560,566,4075,710,0.1589623561536961,0.03085833569016297,Menlo Park,California,city,False
Place,36284,"Merced city, California",16000US0646898,82660,72,58235,831,72010,912,48305,1080,9930,1363,0.17051601270713487,0.026212438271890987,Merced,California,city,False
Place,36427,"Millbrae city, California",16000US0647486,22625,32,18300,231,19890,379,15790,390,2510,454,0.1371584699453552,0.026879384944234724,Millbrae,California,city,False
Place,36440,"Mill Valley city, California",16000US0647710,14330,57,11145,217,13725,222,10595,256,550,336,0.049349484073575596,0.03172665062627799,Mill Valley,California,city,False
Place,36466,"Milpitas city, California",16000US0647766,79515,41,62345,777,62235,1139,46605,1102,15740,1349,0.25246611596759966,0.025096903782920066,Milpitas,California,city,False
Place,36557,"Mission Viejo city, California",16000US0648256,95515,59,77010,698,89240,646,71155,899,5855,1139,0.07602908713154136,0.015620981009773244,Mission Viejo,California,city,False
Place,36583,"Modesto city, California",16000US0648354,212615,63,158385,1042,193365,1267,140560,1465,17825,1798,0.11254222306405279,0.012172572001504622,Modesto,California,city,False
Place,36674,"Monrovia city, California",16000US0648648,36815,98,29255,476,32240,684,24775,708,4480,854,0.15313621603144761,0.03220726358910905,Monrovia,California,city,False
Place,36700,"Montague city, California",16000US0648690,1470,236,1190,197,1460,237,1185,196,5,278,0.004201680672268907,0.280793284081004,Montague,California,city,False
Place,36739,"Montclair city, California",16000US0648788,39155,37,29045,554,31850,973,22275,883,6770,1043,0.23308658977448787,0.041140359086555944,Montclair,California,city,False
Place,36752,"Montebello city, California",16000US0648816,62740,51,48690,680,51855,985,38435,981,10255,1194,0.2106181967549805,0.02785295508838545,Montebello,California,city,False
Place,36778,"Monterey city, California",16000US0648872,28350,62,24015,450,26010,593,21835,671,2180,808,0.09077659795960857,0.03602161973612664,Monterey,California,city,False
Place,36791,"Monterey Park city, California",16000US0648914,60440,72,49985,675,48685,1040,39065,1048,10920,1247,0.21846553966189858,0.028279542471542907,Monterey Park,California,city,False
Place,36830,"Monte Sereno city, California",16000US0648956,3480,25,2560,169,3400,58,2490,169,70,240,0.02734375,0.10230911491007946,Monte Sereno,California,city,False
Place,36869,"Moorpark city, California",16000US0649138,36370,45,27790,428,34100,419,25640,589,2150,729,0.07736595897804965,0.027852957767802264,Moorpark,California,city,False
Place,36895,"Moraga town, California",16000US0649187,17540,40,13770,297,16765,213,13040,341,730,453,0.053013798111837325,0.034791441998012006,Moraga,California,town,False
Place,36908,"Moreno Valley city, California",16000US0649270,207290,126,148980,1352,181215,1519,124380,1890,24600,2324,0.16512283527990335,0.017254491514471698,Moreno Valley,California,city,False
Place,36921,"Morgan Hill city, California",16000US0649278,44685,37,33080,526,41505,506,30115,672,2965,854,0.08963119709794437,0.027681575526003532,Morgan Hill,California,city,False
Place,36947,"Morro Bay city, California",16000US0649362,10580,22,9140,179,10295,144,8855,217,285,282,0.031181619256017507,0.03209256889262661,Morro Bay,California,city,False
Place,37077,"Mountain View city, California",16000US0649670,81655,49,65625,660,59985,1254,45950,1237,19675,1403,0.2998095238095238,0.024642103990060615,Mountain View,California,city,False
Place,37142,"Mount Shasta city, California",16000US0649852,3275,12,2830,207,3220,53,2770,210,60,295,0.02120141342756184,0.11413979892470656,Mount Shasta,California,city,False
Place,37181,"Murrieta city, California",16000US0650076,112940,86,80595,1193,107000,1081,75650,1344,4945,1798,0.06135616353371797,0.023566130615044027,Murrieta,California,city,False
Place,37233,"Napa city, California",16000US0650258,79075,55,61110,445,68945,879,51800,847,9310,957,0.15234822451317298,0.016892688698728453,Napa,California,city,False
Place,37246,"National City city, California",16000US0650398,61120,125,48545,799,49600,944,37910,1156,10635,1406,0.21907508497270572,0.03311358004635345,National City,California,city,False
Place,37259,"Needles city, California",16000US0650734,4965,31,3650,234,4935,40,3620,237,30,334,0.00821917808219178,0.09833819896698855,Needles,California,city,False
Place,37272,"Nevada City city, California",16000US0650874,3145,14,2735,190,3105,40,2695,193,40,271,0.014625228519195612,0.10757516440811284,Nevada City,California,city,False
Place,37285,"Newark city, California",16000US0650916,47170,42,37155,542,40285,823,30610,823,6545,986,0.1761539496703001,0.02953801766370695,Newark,California,city,False
Place,37337,"Newman city, California",16000US0651140,11315,21,7985,295,9845,359,6510,412,1475,507,0.184721352536005,0.0730159686603539,Newman,California,city,False
Place,37363,"Newport Beach city, California",16000US0651182,85695,55,70935,730,81725,607,67395,902,3540,1161,0.04990484246140833,0.01705620019937082,Newport Beach,California,city,False
Place,37454,"Norco city, California",16000US0651560,26670,42,21485,407,25355,393,20265,597,1220,723,0.05678380265301373,0.03539761873421466,Norco,California,city,False
Place,37636,"Norwalk city, California",16000US0652526,105305,161,79745,832,90295,1006,65560,1116,14185,1393,0.17787949087717098,0.019527780421601082,Norwalk,California,city,False
Place,37649,"Novato city, California",16000US0652582,55640,45,45215,401,50185,808,39945,837,5270,929,0.11655424084927568,0.021773067581125544,Novato,California,city,False
Place,37688,"Oakdale city, California",16000US0652694,22935,33,16365,434,21310,466,14885,615,1480,753,0.0904369080354415,0.049730062022935256,Oakdale,California,city,False
Place,37740,"Oakland city, California",16000US0653000,425095,108,340625,1274,364630,2175,284870,2256,55755,2591,0.16368440366972478,0.00824967048947911,Oakland,California,city,False
Place,37753,"Oakley city, California",16000US0653070,41325,57,29245,438,38525,624,26575,629,2670,767,0.09129765771926825,0.028013620789427554,Oakley,California,city,False
Place,37857,"Oceanside city, California",16000US0653322,175620,82,137855,1048,159625,1620,122580,1830,15275,2109,0.1108048311631787,0.016264690133246204,Oceanside,California,city,False
Place,37896,"Ojai city, California",16000US0653476,7535,26,6285,238,7055,237,5890,313,395,394,0.06284805091487669,0.06762987202211687,Ojai,California,city,False
Place,37961,"Ontario city, California",16000US0653896,176760,62,130330,1199,149510,1795,104585,2004,25745,2336,0.19753702140719712,0.01992431630411931,Ontario,California,city,False
Place,37987,"Orange city, California",16000US0653980,139885,73,110045,1053,123900,1206,94825,1398,15220,1751,0.13830705620428008,0.017401619661838535,Orange,California,city,False
Place,38000,"Orange Cove city, California",16000US0654008,10275,24,6275,290,7325,373,3510,331,2765,441,0.4406374501992032,0.09503506442067988,Orange Cove,California,city,False
Place,38052,"Orinda city, California",16000US0654232,19645,34,15115,288,18830,261,14375,360,740,462,0.04895798875289448,0.032110332552831564,Orinda,California,city,False
Place,38065,"Orland city, California",16000US0654274,7620,19,5210,211,6425,402,4075,355,1135,413,0.21785028790786948,0.09181164447860779,Orland,California,city,False
Place,38091,"Oroville city, California",16000US0654386,19395,44,14595,502,18900,206,14185,540,410,738,0.028091812264474134,0.05336706803070787,Oroville,California,city,False
Place,38117,"Oxnard city, California",16000US0654652,208155,83,151640,939,166200,1566,111840,1793,39800,2024,0.26246372988657346,0.015065948085039194,Oxnard,California,city,False
Place,38143,"Pacifica city, California",16000US0654806,38985,45,31510,354,37205,331,29845,468,1665,587,0.05284036813709933,0.01944105438183763,Pacifica,California,city,False
Place,38156,"Pacific Grove city, California",16000US0654848,15520,27,12615,222,14985,177,12115,255,500,339,0.03963535473642489,0.02806415305022887,Pacific Grove,California,city,False
Place,38221,"Palmdale city, California",16000US0655156,156295,59,109410,1154,139480,1414,93665,1649,15745,2013,0.14390823507906042,0.02012886217190027,Palmdale,California,city,False
Place,38234,"Palm Desert city, California",16000US0655184,52575,67,45015,544,47980,702,40575,932,4440,1080,0.09863378873708764,0.02549204607661118,Palm Desert,California,city,False
Place,38247,"Palm Springs city, California",16000US0655254,47895,110,42075,548,42680,513,37020,765,5055,942,0.12014260249554368,0.02426946676060293,Palm Springs,California,city,False
Place,38260,"Palo Alto city, California",16000US0655282,66575,111,51300,585,56350,904,42635,1006,8665,1164,0.1689083820662768,0.024900155841639987,Palo Alto,California,city,False
Place,38286,"Palos Verdes Estates city, California",16000US0655380,13435,25,10565,168,12570,249,9865,269,700,318,0.06625650733554188,0.031656352143153904,Palos Verdes Estates,California,city,False
Place,38325,"Paradise town, California",16000US0655520,22135,25,17990,432,21845,121,17705,438,285,616,0.01584213451917732,0.035473505075309525,Paradise,California,town,False
Place,38364,"Paramount city, California",16000US0655618,54515,30,38955,768,43825,670,28755,948,10200,1221,0.2618405852907201,0.037240253738268836,Paramount,California,city,False
Place,38429,"Parlier city, California",16000US0655856,15310,39,10130,322,10270,526,5395,455,4735,558,0.4674234945705824,0.07223800624507826,Parlier,California,city,False
Place,38442,"Pasadena city, California",16000US0656000,141260,64,115505,864,120560,1325,95820,1499,19685,1731,0.1704255227046448,0.01638373401851706,Pasadena,California,city,False
Place,38481,"Patterson city, California",16000US0656112,22065,30,15530,502,18915,497,12425,705,3105,866,0.19993560849967804,0.06430447667466319,Patterson,California,city,False
Place,38598,"Perris city, California",16000US0656700,77290,51,52415,1015,65465,1132,41270,1374,11145,1709,0.21262997233616332,0.03744784867550982,Perris,California,city,False
Place,38624,"Petaluma city, California",16000US0656784,60765,50,47985,507,55515,627,43175,703,4810,867,0.10023965822652912,0.019331511578433172,Petaluma,California,city,False
Place,38702,"Pico Rivera city, California",16000US0656924,63000,47,48690,705,55725,751,41540,1023,7150,1243,0.14684740193058124,0.028061423744108777,Pico Rivera,California,city,False
Place,38715,"Piedmont city, California",16000US0656938,11315,47,8530,165,11145,94,8390,170,140,237,0.016412661195779603,0.028656077596808563,Piedmont,California,city,False
Place,38845,"Pinole city, California",16000US0657288,19280,63,15965,291,17705,328,14445,377,1520,477,0.09520826808643909,0.03220017902342437,Pinole,California,city,False
Place,38897,"Pismo Beach city, California",16000US0657414,8180,20,7395,261,7865,154,7130,260,265,369,0.03583502366463827,0.05303517538217979,Pismo Beach,California,city,False
Place,38910,"Pittsburg city, California",16000US0657456,71420,51,53725,832,60595,1051,43745,1249,9980,1501,0.1857608189855747,0.03130003972918907,Pittsburg,California,city,False
Place,38936,"Placentia city, California",16000US0657526,51820,65,39640,602,46540,591,34635,832,5005,1027,0.12626135216952572,0.02825476033623789,Placentia,California,city,False
Place,38949,"Placerville city, California",16000US0657540,10970,27,8660,392,10725,162,8490,423,170,577,0.019630484988452657,0.070717845925916,Placerville,California,city,False
Place,38988,"Pleasant Hill city, California",16000US0657764,34840,39,28140,455,31920,671,25470,603,2670,756,0.09488272921108742,0.028866593526857318,Pleasant Hill,California,city,False
Place,39001,"Pleasanton city, California",16000US0657792,81715,32,61805,566,69550,1052,51595,1012,10210,1160,0.16519699053474637,0.020469006623927033,Pleasanton,California,city,False
Place,39053,"Plymouth city, California",16000US0657834,980,228,720,162,810,204,550,151,170,222,0.2361111111111111,0.46639784946236557,Plymouth,California,city,False
Place,39066,"Point Arena city, California",16000US0657876,420,133,310,82,380,121,270,74,40,111,0.12903225806451613,0.5332484436898698,Point Arena,California,city,False
Place,39105,"Pomona city, California",16000US0658072,152210,96,114115,947,123245,1287,86215,1440,27900,1724,0.24449020724707532,0.017279904445275884,Pomona,California,city,False
Place,39157,"Porterville city, California",16000US0658240,59695,51,41070,906,50890,1132,33160,1080,7910,1410,0.19259800340881422,0.039450597328164166,Porterville,California,city,False
Place,39170,"Port Hueneme city, California",16000US0658296,22155,46,17130,421,19785,411,14870,574,2260,712,0.13193228254524225,0.045935932189331924,Port Hueneme,California,city,False
Place,39183,"Portola city, California",16000US0658352,1915,343,1495,268,1885,343,1465,267,30,379,0.020066889632107024,0.3132664437012263,Portola,California,city,False
Place,39196,"Portola Valley town, California",16000US0658380,4590,23,3540,166,4280,153,3230,218,310,275,0.08757062146892655,0.08581408511080077,Portola Valley,California,town,False
Place,39261,"Poway city, California",16000US0658520,49700,45,37935,493,46050,641,34580,763,3355,909,0.08844075392118096,0.025442051484513173,Poway,California,city,False
Place,39430,"Rancho Cordova city, California",16000US0659444,73145,54,55100,727,64950,827,47870,947,7230,1194,0.13121597096188747,0.023713865537845852,Rancho Cordova,California,city,False
Place,39443,"Rancho Cucamonga city, California",16000US0659451,176380,72,134545,1348,163945,1334,122980,1746,11565,2206,0.08595637147422795,0.017431842975046435,Rancho Cucamonga,California,city,False
Place,39456,"Rancho Mirage city, California",16000US0659500,18195,44,16820,283,16830,273,15600,392,1220,484,0.07253269916765755,0.03050896497940661,Rancho Mirage,California,city,False
Place,39482,"Rancho Palos Verdes city, California",16000US0659514,42030,49,33180,476,38735,535,30350,606,2830,771,0.08529234478601568,0.024816510399894312,Rancho Palos Verdes,California,city,False
Place,39521,"Rancho Santa Margarita city, California",16000US0659587,48505,46,36460,452,45695,579,33835,681,2625,818,0.071996708721887,0.02362093180244093,Rancho Santa Margarita,California,city,False
Place,39560,"Red Bluff city, California",16000US0659892,14265,36,10115,447,13725,225,9605,526,510,691,0.05042016806722689,0.07380407686450666,Red Bluff,California,city,False
Place,39599,"Redding city, California",16000US0659920,91580,48,71385,579,88455,471,68490,583,2895,822,0.040554738390418156,0.011940812834054348,Redding,California,city,False
Place,39612,"Redlands city, California",16000US0659962,71200,60,55515,795,67210,805,51885,1044,3630,1313,0.06538773304512294,0.024944869294058356,Redlands,California,city,False
Place,39625,"Redondo Beach city, California",16000US0660018,67425,72,52620,654,63165,565,48830,705,3790,962,0.07202584568605093,0.01941856027169067,Redondo Beach,California,city,False
Place,39651,"Redwood City city, California",16000US0660102,85785,58,67430,749,68920,1134,51545,1208,15885,1422,0.23557763606703247,0.02397156085562918,Redwood City,California,city,False
Place,39677,"Reedley city, California",16000US0660242,25590,35,17545,462,19825,641,12100,736,5445,869,0.3103448275862069,0.05926238426182917,Reedley,California,city,False
Place,39703,"Rialto city, California",16000US0660466,103045,112,74125,921,87095,1037,58960,1162,15165,1483,0.2045868465430017,0.022832420163735656,Rialto,California,city,False
Place,39742,"Richmond city, California",16000US0660620,109885,89,85930,921,87760,1645,65310,1687,20620,1923,0.239962760386361,0.025220926046840175,Richmond,California,city,False
Place,39768,"Ridgecrest city, California",16000US0660704,28755,43,21135,510,28055,198,20490,529,645,735,0.030518097941802696,0.036390992967288205,Ridgecrest,California,city,False
Place,39794,"Rio Dell city, California",16000US0660900,3375,21,2400,125,3365,31,2395,126,5,178,0.0020833333333333333,0.0783562271062271,Rio Dell,California,city,False
Place,39846,"Rio Vista city, California",16000US0660984,8945,22,8330,276,8740,124,8125,316,205,420,0.02460984393757503,0.05299134801673339,Rio Vista,California,city,False
Place,39872,"Ripon city, California",16000US0661026,15775,32,11735,251,14455,533,10785,558,950,612,0.08095440988495953,0.05506091578553857,Ripon,California,city,False
Place,39885,"Riverbank city, California",16000US0661068,24480,71,17470,476,21015,492,14120,569,3350,742,0.19175729822552948,0.04903356913942286,Riverbank,California,city,False
Place,39937,"Riverside city, California",16000US0662000,326415,81,248645,1714,288775,1439,212870,2001,35775,2635,0.14387982867139898,0.011669697309543065,Riverside,California,city,False
Place,39976,"Rocklin city, California",16000US0662364,64835,94,48070,604,61785,518,45490,754,2580,967,0.05367172872893697,0.021055444405517168,Rocklin,California,city,False
Place,40015,"Rohnert Park city, California",16000US0662546,42900,43,34455,576,39670,689,31315,990,3140,1146,0.09113336235669714,0.03537568454551368,Rohnert Park,California,city,False
Place,40028,"Rolling Hills city, California",16000US0662602,1515,139,1230,108,1485,138,1200,108,30,153,0.024390243902439025,0.13871136037563586,Rolling Hills,California,city,False
Place,40054,"Rolling Hills Estates city, California",16000US0662644,8170,66,6265,179,7525,162,5740,212,525,278,0.08379888268156424,0.04814327965823201,Rolling Hills Estates,California,city,False
Place,40132,"Rosemead city, California",16000US0662896,54280,98,43670,511,43550,968,33610,892,10060,1029,0.2303640943439432,0.02656956955003023,Rosemead,California,city,False
Place,40158,"Roseville city, California",16000US0662938,135635,84,103600,699,129855,652,98260,946,5340,1177,0.05154440154440154,0.011788316310624158,Roseville,California,city,False
Place,40171,"Ross town, California",16000US0662980,2290,255,1695,188,2260,252,1665,188,30,266,0.017699115044247787,0.17871760691991942,Ross,California,town,False
Place,40301,"Sacramento city, California",16000US0664000,500930,201,385200,1454,451845,2209,340480,2110,44720,2563,0.11609553478712357,0.007118778847415935,Sacramento,California,city,False
Place,40314,"St. Helena city, California",16000US0664140,6100,23,5050,185,5325,187,4305,292,745,346,0.14752475247524752,0.07673012933359113,St. Helena,California,city,False
Place,40340,"Salinas city, California",16000US0664224,156145,64,107810,882,110945,1476,65335,1616,42475,1842,0.39398015026435396,0.02047630641677728,Salinas,California,city,False
Place,40418,"San Anselmo town, California",16000US0664434,12525,52,9765,226,12220,148,9510,248,255,336,0.026113671274961597,0.03584250861810896,San Anselmo,California,town,False
Place,40457,"San Bernardino city, California",16000US0665000,216090,84,152070,1556,185660,1537,123480,2030,28590,2558,0.18800552377194713,0.018938680753877724,San Bernardino,California,city,False
Place,40470,"San Bruno city, California",16000US0665028,43085,66,35085,432,37740,665,29855,688,5230,813,0.14906655265783098,0.02531950338349301,San Bruno,California,city,False
Place,40483,"San Buenaventura (Ventura) city, California",16000US0665042,109910,64,86525,731,102530,1082,79705,1154,6820,1367,0.07882114995665992,0.016605103627506806,Ventura,California,city,False
Place,40496,"San Carlos city, California",16000US0665070,30155,56,22685,234,27875,276,20560,330,2125,405,0.09367423407538021,0.01901562383740764,San Carlos,California,city,False
Place,40509,"San Clemente city, California",16000US0665084,64880,115,50970,585,61920,591,48070,809,2900,999,0.05689621345889739,0.02048792864688806,San Clemente,California,city,False
Place,40522,"Sand City city, California",16000US0665112,310,99,255,72,270,85,215,61,40,95,0.1568627450980392,0.5808421729347477,Sand City,California,city,False
Place,40535,"San Diego city, California",16000US0666000,1409575,120,1129095,2591,1239930,3897,971500,4637,157595,5312,0.1395763863979559,0.0050365044572918405,San Diego,California,city,False
Place,40561,"San Dimas city, California",16000US0666070,34050,49,26925,413,31790,608,24990,638,1935,761,0.07186629526462396,0.029823505580276466,San Dimas,California,city,False
Place,40574,"San Fernando city, California",16000US0666140,24535,25,18605,455,19785,553,13970,711,4635,845,0.24912657887664608,0.05280179577900129,San Fernando,California,city,False
Place,40587,"San Francisco city, California",16000US0667000,874960,0,757415,0,765145,2536,652450,2317,104965,2317,0.13858320735660107,0.0030590891387152486,San Francisco,California,city,False
Place,40600,"San Gabriel city, California",16000US0667042,40145,48,33165,463,30035,956,23580,887,9585,1001,0.28900949796472186,0.03470159004212786,San Gabriel,California,city,False
Place,40613,"Sanger city, California",16000US0667056,25075,30,17375,632,21135,727,13625,627,3750,891,0.2158273381294964,0.06136312952862938,Sanger,California,city,False
Place,40639,"San Jacinto city, California",16000US0667112,47990,55,33915,559,43535,604,29585,724,4330,915,0.127672121480171,0.029570953229026725,San Jacinto,California,city,False
Place,40652,"San Joaquin city, California",16000US0667126,4020,18,2590,172,2385,237,1065,187,1525,255,0.5888030888030888,0.14734248605216338,San Joaquin,California,city,False
Place,40665,"San Jose city, California",16000US0668000,1027690,130,797090,1566,851375,3669,632575,3765,164515,4078,0.20639451003023498,0.005532471431040853,San Jose,California,city,False
Place,40678,"San Juan Bautista city, California",16000US0668014,2020,410,1480,271,1915,390,1375,262,105,377,0.07094594594594594,0.32773064627903337,San Juan Bautista,California,city,False
Place,40691,"San Juan Capistrano city, California",16000US0668028,35920,45,27195,637,31565,912,22975,925,4220,1124,0.15517558374701232,0.04604438763637497,San Juan Capistrano,California,city,False
Place,40704,"San Leandro city, California",16000US0668084,90025,68,72900,733,77295,1054,60870,1101,12030,1323,0.16502057613168725,0.020008592324809477,San Leandro,California,city,False
Place,40743,"San Luis Obispo city, California",16000US0668154,47300,52,41175,478,45160,469,39175,691,2000,841,0.048573163327261686,0.021235422072153502,San Luis Obispo,California,city,False
Place,40756,"San Marcos city, California",16000US0668196,95355,95,70335,812,83925,1047,59505,1253,10830,1494,0.15397739390061846,0.023287683843437462,San Marcos,California,city,False
Place,40769,"San Marino city, California",16000US0668224,13195,39,10185,239,11875,374,9030,341,1155,417,0.1134020618556701,0.04465142698406448,San Marino,California,city,False
Place,40795,"San Mateo city, California",16000US0668252,104335,84,82505,817,85850,1340,65105,1161,17400,1420,0.210896309314587,0.019492487081456483,San Mateo,California,city,False
Place,40834,"San Pablo city, California",16000US0668294,30965,63,23345,458,21855,816,14890,793,8455,916,0.362176054829728,0.04727035579639166,San Pablo,California,city,False
Place,40860,"San Rafael city, California",16000US0668364,58775,62,45835,474,48245,831,36500,809,9335,938,0.20366532126104506,0.022806758278647643,San Rafael,California,city,False
Place,40873,"San Ramon city, California",16000US0668378,75650,159,54245,597,64260,824,44445,850,9800,1039,0.18066181214858512,0.021377406461614706,San Ramon,California,city,False
Place,40899,"Santa Ana city, California",16000US0669000,332795,101,243370,1502,245525,2438,160335,2517,83035,2932,0.3411883140896577,0.01424109368648463,Santa Ana,California,city,False
Place,40912,"Santa Barbara city, California",16000US0669070,91375,49,75965,833,78405,1124,63595,1405,12370,1634,0.16283814914763378,0.02355380102007107,Santa Barbara,California,city,False
Place,40925,"Santa Clara city, California",16000US0669084,127720,67,102390,787,96170,1537,73025,1615,29365,1797,0.2867955855063971,0.019907956711844477,Santa Clara,California,city,False
Place,40938,"Santa Clarita city, California",16000US0669088,213410,91,158345,1096,197185,1272,143450,1546,14895,1896,0.0940667529760965,0.012712940376484433,Santa Clarita,California,city,False
Place,40951,"Santa Cruz city, California",16000US0669112,64520,54,56275,559,58605,804,50660,855,5615,1022,0.09977787649933363,0.01934409923474635,Santa Cruz,California,city,False
Place,40964,"Santa Fe Springs city, California",16000US0669154,17810,40,13770,264,16170,284,12150,364,1620,450,0.11764705882352941,0.035618156636266246,Santa Fe Springs,California,city,False
Place,40990,"Santa Maria city, California",16000US0669196,106225,73,72750,872,78430,1296,46665,1373,26085,1627,0.35855670103092785,0.026985467643770966,Santa Maria,California,city,False
Place,41003,"Santa Monica city, California",16000US0670000,91575,48,77880,719,83390,956,70250,957,7630,1198,0.09797123780174628,0.016438891667804392,Santa Monica,California,city,False
Place,41029,"Santa Paula city, California",16000US0670042,30100,45,21425,501,23930,782,15575,735,5850,890,0.27304550758459745,0.0490726342620858,Santa Paula,California,city,False
Place,41042,"Santa Rosa city, California",16000US0670098,179700,63,140870,836,158235,1313,120460,1570,20410,1779,0.1448853552921133,0.013569020073869259,Santa Rosa,California,city,False
Place,41107,"Santee city, California",16000US0670224,57795,45,45020,561,56085,400,43545,585,1475,811,0.03276321634828965,0.01865494420412943,Santee,California,city,False
Place,41133,"Saratoga city, California",16000US0670280,30695,45,24380,396,27685,613,21920,653,2460,764,0.10090237899917966,0.033520569633241945,Saratoga,California,city,False
Place,41172,"Sausalito city, California",16000US0670364,7115,20,6380,163,6640,200,5940,243,440,293,0.06896551724137931,0.04893700809238295,Sausalito,California,city,False
Place,41198,"Scotts Valley city, California",16000US0670588,11865,39,9500,260,11390,204,9030,312,470,407,0.049473684210526316,0.04543973570289359,Scotts Valley,California,city,False
Place,41224,"Seal Beach city, California",16000US0670686,24205,38,21110,228,23455,206,20415,275,695,358,0.03292278540975841,0.017503418976794603,Seal Beach,California,city,False
Place,41263,"Seaside city, California",16000US0670742,33955,67,25600,462,28355,555,20410,560,5190,726,0.202734375,0.03260654313191186,Seaside,California,city,False
Place,41276,"Sebastopol city, California",16000US0670770,7760,70,6460,183,7390,203,6195,230,265,294,0.04102167182662539,0.04803360935865421,Sebastopol,California,city,False
Place,41302,"Selma city, California",16000US0670882,24675,33,17085,489,20275,721,12950,742,4135,889,0.24202516827626572,0.060698379566587995,Selma,California,city,False
Place,41354,"Shafter city, California",16000US0671106,19445,25,12995,398,15005,594,8775,591,4220,713,0.3247402847248942,0.06686089015801444,Shafter,California,city,False
Place,41393,"Shasta Lake city, California",16000US0671225,10205,25,7740,244,10120,74,7650,261,90,358,0.011627906976744186,0.04813730113424834,Shasta Lake,California,city,False
Place,41523,"Sierra Madre city, California",16000US0671806,10930,54,8940,244,10425,205,8470,280,470,372,0.052572706935123045,0.04425342001979876,Sierra Madre,California,city,False
Place,41562,"Signal Hill city, California",16000US0671876,11510,28,9355,300,10540,267,8400,373,955,479,0.10208444681988242,0.056281097078516265,Signal Hill,California,city,False
Place,41614,"Simi Valley city, California",16000US0672016,125840,63,98720,728,118280,743,91520,1007,7200,1243,0.07293354943273905,0.013226545268869239,Simi Valley,California,city,False
Place,41744,"Solana Beach city, California",16000US0672506,13355,25,10960,287,12595,304,10210,506,750,582,0.06843065693430657,0.05637024253163553,Solana Beach,California,city,False
Place,41757,"Soledad city, California",16000US0672520,25705,46,19905,480,19300,752,13725,759,6180,899,0.31047475508666167,0.05395252934062278,Soledad,California,city,False
Place,41770,"Solvang city, California",16000US0672576,5805,30,4665,160,5420,186,4315,242,350,291,0.07502679528403002,0.06725955321763481,Solvang,California,city,False
Place,41783,"Sonoma city, California",16000US0672646,11075,21,9265,221,10665,229,8875,295,390,369,0.042093901780895844,0.041829141120475234,Sonoma,California,city,False
Place,41796,"Sonora city, California",16000US0672674,4845,31,3860,152,4590,163,3605,198,255,250,0.06606217616580311,0.07012984109417532,Sonora,California,city,False
Place,41848,"South El Monte city, California",16000US0672996,20720,57,15395,423,15370,481,10405,646,4990,773,0.3241312114322832,0.060787303128229775,South El Monte,California,city,False
Place,41861,"South Gate city, California",16000US0673080,94640,60,69065,869,72585,1171,47700,1037,21365,1353,0.3093462680083979,0.02378177469205378,South Gate,California,city,False
Place,41874,"South Lake Tahoe city, California",16000US0673108,21940,32,18210,392,19755,419,16055,604,2155,721,0.11834157056562328,0.043068239738563496,South Lake Tahoe,California,city,False
Place,41913,"South Pasadena city, California",16000US0673220,25660,33,19360,323,23310,509,17395,500,1965,596,0.10149793388429752,0.03302956519644,South Pasadena,California,city,False
Place,41926,"South San Francisco city, California",16000US0673262,67410,44,55020,549,59430,953,47190,1117,7830,1245,0.14231188658669575,0.024290525706083893,South San Francisco,California,city,False
Place,42134,"Stanton city, California",16000US0673962,38375,89,28575,587,30590,612,21240,734,7335,940,0.2566929133858268,0.03896951336849652,Stanton,California,city,False
Place,42199,"Stockton city, California",16000US0675000,309230,81,223645,1052,270155,2121,186735,2160,36910,2403,0.1650383420152474,0.011575477826346908,Stockton,California,city,False
Place,42329,"Suisun City city, California",16000US0675630,29490,46,22420,434,27300,379,20300,573,2120,719,0.09455842997323818,0.03456919669828004,Suisun City,California,city,False
Place,42407,"Sunnyvale city, California",16000US0677000,152770,64,120715,822,106315,1781,78210,1746,42505,1930,0.3521103425423518,0.018511795530763375,Sunnyvale,California,city,False
Place,42446,"Susanville city, California",16000US0677364,15065,26,13205,230,14325,134,12485,276,720,360,0.05452480121166225,0.02871219300799093,Susanville,California,city,False
Place,42472,"Sutter Creek city, California",16000US0677392,2575,29,2040,174,2530,53,1995,190,45,258,0.022058823529411766,0.14032059769245317,Sutter Creek,California,city,False
Place,42498,"Taft city, California",16000US0677574,9370,18,6740,409,8010,403,5375,494,1365,642,0.20252225519287834,0.11448927537101364,Taft,California,city,False
Place,42641,"Tehachapi city, California",16000US0678092,12680,37,10330,379,11635,335,9290,515,1040,640,0.10067763794772508,0.06814961559463248,Tehachapi,California,city,False
Place,42654,"Tehama city, California",16000US0678106,480,132,420,105,470,126,410,103,10,148,0.023809523809523808,0.47777777777777775,Tehama,California,city,False
Place,42667,"Temecula city, California",16000US0678120,113380,57,80640,915,106990,801,74580,1086,6060,1421,0.07514880952380952,0.018686248488106447,Temecula,California,city,False
Place,42706,"Temple City city, California",16000US0678148,36040,62,28695,415,30335,773,23675,770,5020,875,0.17494336992507406,0.033507832338009386,Temple City,California,city,False
Place,42823,"Thousand Oaks city, California",16000US0678582,127875,72,100295,799,117440,1069,90650,1152,9645,1402,0.09616630938730744,0.014863279741903782,Thousand Oaks,California,city,False
Place,42875,"Tiburon town, California",16000US0678666,9145,38,7205,254,8655,190,6810,290,395,386,0.054823039555863984,0.05753489455433598,Tiburon,California,town,False
Place,43005,"Torrance city, California",16000US0680000,145490,44,115500,881,127295,1417,99450,1532,16050,1768,0.13896103896103895,0.016493117854148753,Torrance,California,city,False
Place,43018,"Tracy city, California",16000US0680238,90675,50,65175,899,80165,1287,55845,1249,9330,1539,0.1431530494821634,0.02594583657172919,Tracy,California,city,False
Place,43070,"Trinidad city, California",16000US0680448,325,119,285,100,325,119,280,102,5,143,0.017543859649122806,0.7824561403508772,Trinidad,California,city,False
Place,43135,"Truckee town, California",16000US0680588,16475,22,12465,257,15855,261,11845,367,620,449,0.04973926995587646,0.037826260843599295,Truckee,California,town,False
Place,43148,"Tulare city, California",16000US0680644,63545,47,41905,798,55585,770,34590,867,7315,1179,0.174561508173249,0.03206996578495763,Tulare,California,city,False
Place,43161,"Tulelake city, California",16000US0680686,840,186,565,107,670,156,400,88,165,139,0.2920353982300885,0.37172006028519533,Tulelake,California,city,False
Place,43200,"Turlock city, California",16000US0680812,72905,87,53545,681,66175,771,47355,910,6190,1137,0.11560369782425997,0.02299724043239862,Turlock,California,city,False
Place,43213,"Tustin city, California",16000US0680854,79865,61,59705,785,67930,1160,48410,1323,11295,1539,0.18918013566702957,0.028640638263723983,Tustin,California,city,False
Place,43278,"Twentynine Palms city, California",16000US0680994,26145,33,18865,522,25395,362,18290,597,575,794,0.03047972435727538,0.044153650772201805,Twentynine Palms,California,city,False
Place,43304,"Ukiah city, California",16000US0681134,15945,32,12190,403,14035,398,10350,515,1840,654,0.1509433962264151,0.06064564254511287,Ukiah,California,city,False
Place,43317,"Union City city, California",16000US0681204,74720,84,60635,551,63430,762,49890,942,10745,1092,0.17720788323575493,0.01979963956565642,Union City,California,city,False
Place,43356,"Upland city, California",16000US0681344,76595,89,59830,606,70720,824,54385,997,5445,1167,0.09100785559084072,0.02063607254640093,Upland,California,city,False
Place,43382,"Vacaville city, California",16000US0681554,98875,64,76445,665,93595,724,71520,940,4925,1152,0.06442540388514618,0.01576725908661418,Vacaville,California,city,False
Place,43421,"Vallejo city, California",16000US0681666,121265,66,96175,737,109550,1015,85175,1170,11000,1383,0.11437483753574214,0.0153743189847214,Vallejo,California,city,False
Place,43590,"Vernon city, California",16000US0682422,130,54,80,37,115,50,65,35,15,51,0.1875,0.8125,Vernon,California,city,False
Place,43616,"Victorville city, California",16000US0682590,121900,63,83255,1275,111290,1128,73325,1661,9930,2094,0.11927211578884152,0.027397803703717652,Victorville,California,city,False
Place,43642,"Villa Park city, California",16000US0682744,5860,25,4785,110,5690,97,4610,136,175,175,0.03657262277951933,0.03829368738090847,Villa Park,California,city,False
Place,43707,"Visalia city, California",16000US0682954,132105,59,93190,1089,122730,1145,84355,1466,8835,1827,0.0948063096898809,0.020957905682373476,Visalia,California,city,False
Place,43720,"Vista city, California",16000US0682996,100685,94,75005,963,89340,1186,64425,1532,10580,1810,0.14105726284914338,0.026280194269789114,Vista,California,city,False
Place,43798,"Walnut city, California",16000US0683332,29905,33,24535,293,26595,473,21640,505,2895,584,0.11799470144691257,0.025516560000162752,Walnut,California,city,False
Place,43811,"Walnut Creek city, California",16000US0683346,69565,141,57765,528,63965,829,52770,804,4995,962,0.08647104648143339,0.017604988251344364,Walnut Creek,California,city,False
Place,43876,"Wasco city, California",16000US0683542,27195,22,20060,479,21640,595,14815,654,5245,811,0.2614656031904287,0.04781380031296745,Wasco,California,city,False
Place,43902,"Waterford city, California",16000US0683612,8875,25,6065,293,8030,253,5225,429,840,520,0.13849958779884583,0.0971206478213898,Waterford,California,city,False
Place,43928,"Watsonville city, California",16000US0683668,53800,44,37495,622,40930,953,25025,1030,12470,1204,0.33257767702360314,0.0382627753399149,Watsonville,California,city,False
Place,43980,"Weed city, California",16000US0683850,2670,34,2030,159,2570,68,1930,178,100,239,0.04926108374384237,0.13192544752285995,Weed,California,city,False
Place,44071,"West Covina city, California",16000US0684200,106590,76,84245,784,94105,1009,72335,1193,11910,1428,0.141373375274497,0.018437794014152797,West Covina,California,city,False
Place,44110,"West Hollywood city, California",16000US0684410,36450,55,34875,295,33190,529,31650,586,3225,657,0.09247311827956989,0.019788304508168694,West Hollywood,California,city,False
Place,44123,"Westlake Village city, California",16000US0684438,8360,28,6760,147,8080,133,6515,198,245,247,0.036242603550295856,0.03815630768514947,Westlake Village,California,city,False
Place,44162,"Westminster city, California",16000US0684550,91135,62,72795,647,80555,862,62765,902,10030,1111,0.13778418847448315,0.016634506430434515,Westminster,California,city,False
Place,44201,"Westmorland city, California",16000US0684606,2430,329,1560,216,2080,293,1240,176,320,279,0.20512820512820512,0.24055631868131871,Westmorland,California,city,False
Place,44266,"West Sacramento city, California",16000US0684816,53150,50,39275,463,46785,917,33510,806,5765,930,0.14678548695098664,0.025712709483105917,West Sacramento,California,city,False
Place,44318,"Wheatland city, California",16000US0685012,3810,20,3075,165,3680,82,2945,178,130,243,0.04227642276422764,0.08590227139384796,Wheatland,California,city,False
Place,44370,"Whittier city, California",16000US0685292,86090,78,66350,574,80690,601,61095,699,5255,905,0.07920120572720422,0.01444997403441095,Whittier,California,city,False
Place,44383,"Wildomar city, California",16000US0685446,36445,54,26635,657,33560,525,23850,765,2785,1009,0.1045616669795382,0.041484987882267954,Wildomar,California,city,False
Place,44409,"Williams city, California",16000US0685586,5230,22,3580,159,4125,242,2570,229,1010,279,0.28212290502793297,0.09466750713225414,Williams,California,city,False
Place,44422,"Willits city, California",16000US0685600,4895,16,3720,234,4725,147,3570,277,150,363,0.04032258064516129,0.10683748820165456,Willits,California,city,False
Place,44461,"Willows city, California",16000US0685684,6015,28,4420,254,5170,244,3610,338,810,423,0.1832579185520362,0.1127094362247281,Willows,California,city,False
Place,44513,"Windsor town, California",16000US0685922,27445,37,20730,340,25460,508,18960,531,1770,631,0.085383502170767,0.032370298712018686,Windsor,California,town,False
Place,44552,"Winters city, California",16000US0686034,7195,22,5230,256,6370,417,4525,427,705,498,0.13479923518164436,0.10705842464947748,Winters,California,city,False
Place,44630,"Woodlake city, California",16000US0686300,7620,37,4855,259,6195,276,3500,354,1355,439,0.27909371781668385,0.11124570777078352,Woodlake,California,city,False
Place,44643,"Woodland city, California",16000US0686328,59710,93,45405,534,52645,751,38775,797,6630,960,0.14601916088536504,0.023132406942407896,Woodland,California,city,False
Place,44669,"Woodside town, California",16000US0686440,5540,46,4185,139,5320,130,3965,192,220,238,0.052568697729988054,0.0606295227346684,Woodside,California,town,False
Place,44747,"Yorba Linda city, California",16000US0686832,67725,69,52110,579,64280,659,49155,707,2955,914,0.056706966033390906,0.018374053158939925,Yorba Linda,California,city,False
Place,44786,"Yountville city, California",16000US0686930,2985,20,2760,81,2940,41,2715,88,45,120,0.016304347826086956,0.045285797750620777,Yountville,California,city,False
Place,44799,"Yreka city, California",16000US0686944,7560,81,5660,180,7500,107,5595,181,65,256,0.011484098939929329,0.0470925433958371,Yreka,California,city,False
Place,44812,"Yuba City city, California",16000US0686972,66515,54,49455,404,58480,771,41890,736,7565,840,0.1529673440501466,0.01838492195870134,Yuba City,California,city,False
Place,44825,"Yucaipa city, California",16000US0687042,53415,55,40175,646,50875,470,37700,769,2475,1005,0.06160547604231487,0.02643115529164248,Yucaipa,California,city,False
Place,44838,"Yucca Valley town, California",16000US0687056,21620,27,16730,502,21165,199,16275,568,455,759,0.027196652719665274,0.04761231942724131,Yucca Valley,California,town,False
